<?xml version="1.0" encoding="UTF-8"?>
<project-private xmlns="http://www.netbeans.org/ns/project-private/1">
    <editor-bookmarks xmlns="http://www.netbeans.org/ns/editor-bookmarks/2" lastBookmarkId="0"/>
    <open-files xmlns="http://www.netbeans.org/ns/projectui-open-files/2">
        <group>
            <file>file:/C:/xampp/htdocs/CakeStore/template-home.php</file>
            <file>file:/C:/xampp/htdocs/CakeStore/cart.php</file>
            <file>file:/C:/xampp/htdocs/CakeStore/cancel.php</file>
            <file>file:/C:/xampp/htdocs/CakeStore/cart_process.php</file>
            <file>file:/C:/xampp/htdocs/CakeStore/payment_success.php</file>
            <file>file:/C:/xampp/htdocs/CakeStore/db.php</file>
            <file>file:/C:/xampp/htdocs/CakeStore/index.php</file>
            <file>file:/C:/xampp/htdocs/CakeStore/register.php</file>
            <file>file:/C:/xampp/htdocs/CakeStore/customer_order.php</file>
            <file>file:/C:/xampp/htdocs/CakeStore/customer_registration.php</file>
        </group>
    </open-files>
</project-private>
